John,Dorkins,dorkinsjohn88@mail.il,145Adref$33f
Gregory,Abramson,abramson77@mail.il,389DFref$33f
Katy,Breks,brekskat@gmail.com,6576575KLref$
Irina,Ivanova,ivanova@gmail.ua,145Adref$33f
Maksim,Gorking,gorkingsom@mail.il,145Adref$33f
Nataly,Pelly,pellynat8@mail.il,145Adref$33f